path,common_name,scientific_name,start_time,end_time,confidence
D:/uwin_sounds/split_audio\PHAZ\Jesse_-_01_PHAZ_V01\20210418_075500_159.75.wav,Verdin,Auriparus flaviceps,0,3,0.37440958619117737
D:/uwin_sounds/split_audio\PHAZ\Jesse_-_01_PHAZ_V01\20210418_075500_180.95.wav,Verdin,Auriparus flaviceps,0,3,0.36519524455070496
D:/uwin_sounds/split_audio\PHAZ\Jesse_-_01_PHAZ_V01\20210418_075500_184.05.wav,Verdin,Auriparus flaviceps,0,3,0.36646711826324463
D:/uwin_sounds/split_audio\PHAZ\Jesse_-_01_PHAZ_V01\20210418_075500_188.35.wav,Verdin,Auriparus flaviceps,3,6,0.37648409605026245
D:/uwin_sounds/split_audio\PHAZ\Jesse_-_01_PHAZ_V01\20210418_075500_226.65.wav,Verdin,Auriparus flaviceps,0,2,0.42044368386268616
D:/uwin_sounds/split_audio\PHAZ\Jesse_-_01_PHAZ_V01\20210418_075500_240.25.wav,Verdin,Auriparus flaviceps,3,6,0.5905338525772095
D:/uwin_sounds/split_audio\PHAZ\Jesse_-_01_PHAZ_V01\20210418_075500_246.55.wav,Verdin,Auriparus flaviceps,0,3,0.2938690483570099
D:/uwin_sounds/split_audio\PHAZ\Jesse_-_01_PHAZ_V01\20210418_075500_255.95.wav,Verdin,Auriparus flaviceps,3,4,0.27198225259780884
D:/uwin_sounds/split_audio\PHAZ\Jesse_-_01_PHAZ_V01\20210418_075500_279.95.wav,Verdin,Auriparus flaviceps,3,4,0.26500949263572693
D:/uwin_sounds/split_audio\PHAZ\Jesse_-_01_PHAZ_V01\20210418_075500_284.45.wav,Verdin,Auriparus flaviceps,0,3,0.3694780170917511
D:/uwin_sounds/split_audio\PHAZ\Jesse_-_01_PHAZ_V01\20210418_075500_289.25.wav,Verdin,Auriparus flaviceps,3,6,0.5730918645858765
D:/uwin_sounds/split_audio\PHAZ\Jesse_-_01_PHAZ_V01\20210419_075500_10.150000000000002.wav,Verdin,Auriparus flaviceps,3,4,0.7029034495353699
D:/uwin_sounds/split_audio\PHAZ\Jesse_-_01_PHAZ_V01\20210419_075500_165.25.wav,House Finch,Haemorhous mexicanus,3,5,0.9473696947097778
D:/uwin_sounds/split_audio\PHAZ\Jesse_-_01_PHAZ_V01\20210419_075500_174.35.wav,Verdin,Auriparus flaviceps,3,4,0.39941495656967163
D:/uwin_sounds/split_audio\PHAZ\Jesse_-_01_PHAZ_V01\20210419_075500_178.85.wav,Verdin,Auriparus flaviceps,3,5,0.4790816605091095
D:/uwin_sounds/split_audio\PHAZ\Jesse_-_01_PHAZ_V01\20210419_075500_18.55.wav,Verdin,Auriparus flaviceps,0,3,0.958134114742279
D:/uwin_sounds/split_audio\PHAZ\Jesse_-_01_PHAZ_V01\20210419_075500_184.75.wav,Verdin,Auriparus flaviceps,3,5,0.5385250449180603
D:/uwin_sounds/split_audio\PHAZ\Jesse_-_01_PHAZ_V01\20210419_075500_196.95000000000002.wav,Verdin,Auriparus flaviceps,0,1,0.5471172332763672
D:/uwin_sounds/split_audio\PHAZ\Jesse_-_01_PHAZ_V01\20210419_075500_198.85.wav,Verdin,Auriparus flaviceps,0,3,0.4492613673210144
D:/uwin_sounds/split_audio\PHAZ\Jesse_-_01_PHAZ_V01\20210419_075500_206.85.wav,Verdin,Auriparus flaviceps,0,1,0.43657833337783813
D:/uwin_sounds/split_audio\PHAZ\Jesse_-_01_PHAZ_V01\20210419_075500_219.85.wav,Verdin,Auriparus flaviceps,3,5,0.2747354209423065
D:/uwin_sounds/split_audio\PHAZ\Jesse_-_01_PHAZ_V01\20210419_075500_231.55.wav,Abert's Towhee,Melozone aberti,0,3,0.36254650354385376
D:/uwin_sounds/split_audio\PHAZ\Jesse_-_01_PHAZ_V01\20210419_075500_235.85.wav,Verdin,Auriparus flaviceps,3,5,0.4758610427379608
D:/uwin_sounds/split_audio\PHAZ\Jesse_-_01_PHAZ_V01\20210419_075500_241.25.wav,Verdin,Auriparus flaviceps,0,2,0.639957070350647
D:/uwin_sounds/split_audio\PHAZ\Jesse_-_01_PHAZ_V01\20210419_075500_273.65.wav,Verdin,Auriparus flaviceps,0,3,0.32327699661254883
D:/uwin_sounds/split_audio\PHAZ\Jesse_-_01_PHAZ_V01\20210419_075500_280.55.wav,Verdin,Auriparus flaviceps,3,5,0.5266717672348022
D:/uwin_sounds/split_audio\PHAZ\Jesse_-_01_PHAZ_V01\20210419_075500_298.45.wav,Verdin,Auriparus flaviceps,3,5,0.5453513264656067
D:/uwin_sounds/split_audio\PHAZ\Jesse_-_01_PHAZ_V01\20210419_075500_46.550000000000004.wav,Verdin,Auriparus flaviceps,3,5,0.37835693359375
D:/uwin_sounds/split_audio\PHAZ\Jesse_-_01_PHAZ_V01\20210419_075500_53.65.wav,Verdin,Auriparus flaviceps,3,4,0.6875489950180054
D:/uwin_sounds/split_audio\PHAZ\Jesse_-_01_PHAZ_V01\20210419_075500_58.25.wav,Verdin,Auriparus flaviceps,6,8,0.40482425689697266
D:/uwin_sounds/split_audio\PHAZ\Jesse_-_01_PHAZ_V01\20210419_075500_6.950000000000003.wav,Verdin,Auriparus flaviceps,0,3,0.849270761013031
D:/uwin_sounds/split_audio\PHAZ\Jesse_-_01_PHAZ_V01\20210419_075500_71.05.wav,Verdin,Auriparus flaviceps,0,3,0.36714255809783936
D:/uwin_sounds/split_audio\PHAZ\Jesse_-_01_PHAZ_V01\20210419_075500_78.75.wav,Verdin,Auriparus flaviceps,3,5,0.30342230200767517
D:/uwin_sounds/split_audio\PHAZ\Jesse_-_01_PHAZ_V01\20210419_075500_83.75.wav,Verdin,Auriparus flaviceps,3,5,0.296453058719635
D:/uwin_sounds/split_audio\PHAZ\Jesse_-_01_PHAZ_V01\20210420_075500_103.55.wav,Verdin,Auriparus flaviceps,6,7,0.5346637964248657
D:/uwin_sounds/split_audio\PHAZ\Jesse_-_01_PHAZ_V01\20210420_075500_14.15.wav,Northern Rough-winged Swallow,Stelgidopteryx serripennis,0,3,0.4111558794975281
D:/uwin_sounds/split_audio\PHAZ\Jesse_-_01_PHAZ_V01\20210420_075500_145.15.wav,Verdin,Auriparus flaviceps,3,5,0.2779068350791931
D:/uwin_sounds/split_audio\PHAZ\Jesse_-_01_PHAZ_V01\20210420_075500_153.65.wav,Verdin,Auriparus flaviceps,6,7,0.3563084304332733
D:/uwin_sounds/split_audio\PHAZ\Jesse_-_01_PHAZ_V01\20210420_075500_161.15.wav,Verdin,Auriparus flaviceps,0,2,0.3315674960613251
D:/uwin_sounds/split_audio\PHAZ\Jesse_-_01_PHAZ_V01\20210420_075500_163.65.wav,Verdin,Auriparus flaviceps,3,4,0.36515340209007263
D:/uwin_sounds/split_audio\PHAZ\Jesse_-_01_PHAZ_V01\20210420_075500_39.550000000000004.wav,Bank Swallow,Riparia riparia,0,3,0.2983558475971222
D:/uwin_sounds/split_audio\PHAZ\Jesse_-_01_PHAZ_V01\20210420_075500_5.950000000000003.wav,Northern Rough-winged Swallow,Stelgidopteryx serripennis,0,3,0.43093428015708923
D:/uwin_sounds/split_audio\PHAZ\Jesse_-_01_PHAZ_V01\20210420_075500_83.75.wav,Verdin,Auriparus flaviceps,3,5,0.4737933576107025
D:/uwin_sounds/split_audio\PHAZ\Jesse_-_01_PHAZ_V01\20210421_075500_100.05.wav,White-crowned Sparrow,Zonotrichia leucophrys,3,5,0.31747281551361084
D:/uwin_sounds/split_audio\PHAZ\Jesse_-_01_PHAZ_V01\20210421_075500_131.45.wav,Verdin,Auriparus flaviceps,3,5,0.3854354918003082
D:/uwin_sounds/split_audio\PHAZ\Jesse_-_01_PHAZ_V01\20210422_075500_106.55.wav,Verdin,Auriparus flaviceps,0,1,0.3557831346988678
D:/uwin_sounds/split_audio\PHAZ\Jesse_-_01_PHAZ_V01\20210422_075500_108.25.wav,Verdin,Auriparus flaviceps,6,8,0.5990362763404846
D:/uwin_sounds/split_audio\PHAZ\Jesse_-_01_PHAZ_V01\20210422_075500_130.85.wav,American Pipit,Anthus rubescens,3,5,0.2726309895515442
D:/uwin_sounds/split_audio\PHAZ\Jesse_-_01_PHAZ_V01\20210422_075500_149.05.wav,Lucy's Warbler,Leiothlypis luciae,0,3,0.5189214944839478
D:/uwin_sounds/split_audio\PHAZ\Jesse_-_01_PHAZ_V01\20210422_075500_15.550000000000002.wav,Verdin,Auriparus flaviceps,3,4,0.4931761622428894
D:/uwin_sounds/split_audio\PHAZ\Jesse_-_01_PHAZ_V01\20210422_075500_159.05.wav,Verdin,Auriparus flaviceps,3,5,0.6791746020317078
D:/uwin_sounds/split_audio\PHAZ\Jesse_-_01_PHAZ_V01\20210422_075500_164.75.wav,Verdin,Auriparus flaviceps,3,5,0.45458415150642395
D:/uwin_sounds/split_audio\PHAZ\Jesse_-_01_PHAZ_V01\20210422_075500_170.35.wav,Verdin,Auriparus flaviceps,0,3,0.8036492466926575
D:/uwin_sounds/split_audio\PHAZ\Jesse_-_01_PHAZ_V01\20210422_075500_173.55.wav,Verdin,Auriparus flaviceps,0,3,0.7544399499893188
D:/uwin_sounds/split_audio\PHAZ\Jesse_-_01_PHAZ_V01\20210422_075500_181.05.wav,Verdin,Auriparus flaviceps,0,3,0.6071096062660217
D:/uwin_sounds/split_audio\PHAZ\Jesse_-_01_PHAZ_V01\20210422_075500_185.05.wav,Verdin,Auriparus flaviceps,0,3,0.5660122036933899
D:/uwin_sounds/split_audio\PHAZ\Jesse_-_01_PHAZ_V01\20210422_075500_189.15.wav,Lucy's Warbler,Leiothlypis luciae,3,6,0.49698689579963684
D:/uwin_sounds/split_audio\PHAZ\Jesse_-_01_PHAZ_V01\20210422_075500_196.85.wav,Lucy's Warbler,Leiothlypis luciae,0,1,0.5893598198890686
D:/uwin_sounds/split_audio\PHAZ\Jesse_-_01_PHAZ_V01\20210422_075500_198.45.wav,Verdin,Auriparus flaviceps,0,3,0.310741126537323
D:/uwin_sounds/split_audio\PHAZ\Jesse_-_01_PHAZ_V01\20210422_075500_219.55.wav,Orange-crowned Warbler,Leiothlypis celata,0,3,0.38288235664367676
D:/uwin_sounds/split_audio\PHAZ\Jesse_-_01_PHAZ_V01\20210422_075500_223.25.wav,Orange-crowned Warbler,Leiothlypis celata,3,6,0.6471688747406006
D:/uwin_sounds/split_audio\PHAZ\Jesse_-_01_PHAZ_V01\20210422_075500_230.45.wav,Orange-crowned Warbler,Leiothlypis celata,0,3,0.30915001034736633
D:/uwin_sounds/split_audio\PHAZ\Jesse_-_01_PHAZ_V01\20210422_075500_238.25.wav,Orange-crowned Warbler,Leiothlypis celata,0,3,0.6063352823257446
D:/uwin_sounds/split_audio\PHAZ\Jesse_-_01_PHAZ_V01\20210422_075500_56.75.wav,Verdin,Auriparus flaviceps,0,3,0.5200785398483276
D:/uwin_sounds/split_audio\PHAZ\Jesse_-_01_PHAZ_V01\20210422_075500_61.35.wav,Verdin,Auriparus flaviceps,0,2,0.515998363494873
D:/uwin_sounds/split_audio\PHAZ\Jesse_-_01_PHAZ_V01\20210422_075500_63.75.wav,Verdin,Auriparus flaviceps,0,3,0.4475632309913635
D:/uwin_sounds/split_audio\PHAZ\Jesse_-_01_PHAZ_V01\20210422_075500_69.65.wav,Verdin,Auriparus flaviceps,0,3,0.593189537525177
D:/uwin_sounds/split_audio\PHAZ\Jesse_-_01_PHAZ_V01\20210422_075500_75.55.wav,Verdin,Auriparus flaviceps,3,5,0.8053429126739502
D:/uwin_sounds/split_audio\PHAZ\Jesse_-_01_PHAZ_V01\20210422_075500_80.85000000000001.wav,Verdin,Auriparus flaviceps,0,3,0.25697046518325806
D:/uwin_sounds/split_audio\PHAZ\Jesse_-_01_PHAZ_V01\20210422_075500_84.15.wav,Verdin,Auriparus flaviceps,0,3,0.42877763509750366
D:/uwin_sounds/split_audio\PHAZ\Jesse_-_01_PHAZ_V01\20210422_075500_88.25.wav,Verdin,Auriparus flaviceps,3,5,0.5582823753356934
D:/uwin_sounds/split_audio\PHAZ\Jesse_-_01_PHAZ_V01\20210422_075500_93.25.wav,Verdin,Auriparus flaviceps,0,3,0.4969625174999237
D:/uwin_sounds/split_audio\PHAZ\Jesse_-_01_PHAZ_V01\20210422_075500_99.75.wav,Verdin,Auriparus flaviceps,0,3,0.5563932061195374
D:/uwin_sounds/split_audio\PHAZ\Jesse_-_01_PHAZ_V01\20210423_075500_114.55.wav,Verdin,Auriparus flaviceps,3,5,0.7351143956184387
D:/uwin_sounds/split_audio\PHAZ\Jesse_-_01_PHAZ_V01\20210423_075500_130.55.wav,Verdin,Auriparus flaviceps,0,2,0.33530959486961365
D:/uwin_sounds/split_audio\PHAZ\Jesse_-_01_PHAZ_V01\20210423_075500_139.55.wav,Verdin,Auriparus flaviceps,0,3,0.4147460162639618
D:/uwin_sounds/split_audio\PHAZ\Jesse_-_01_PHAZ_V01\20210423_075500_153.25.wav,Verdin,Auriparus flaviceps,6,7,0.3026218116283417
D:/uwin_sounds/split_audio\PHAZ\Jesse_-_01_PHAZ_V01\20210423_075500_195.25.wav,Verdin,Auriparus flaviceps,0,3,0.3468179404735565
D:/uwin_sounds/split_audio\PHAZ\Jesse_-_01_PHAZ_V01\20210423_075500_198.55.wav,Verdin,Auriparus flaviceps,3,5,0.4403732419013977
D:/uwin_sounds/split_audio\PHAZ\Jesse_-_01_PHAZ_V01\20210423_075500_236.55.wav,Verdin,Auriparus flaviceps,0,2,0.3577159643173218
D:/uwin_sounds/split_audio\PHAZ\Jesse_-_01_PHAZ_V01\20210423_075500_257.05.wav,Verdin,Auriparus flaviceps,0,2,0.3572530746459961
D:/uwin_sounds/split_audio\PHAZ\Jesse_-_01_PHAZ_V01\20210423_075500_281.75.wav,Verdin,Auriparus flaviceps,0,2,0.27219879627227783
D:/uwin_sounds/split_audio\PHAZ\Jesse_-_01_PHAZ_V01\20210423_075500_283.85.wav,House Finch,Haemorhous mexicanus,3,5,0.5353997945785522
D:/uwin_sounds/split_audio\PHAZ\Jesse_-_01_PHAZ_V01\20210423_075500_293.65.wav,Verdin,Auriparus flaviceps,6,8,0.2641562819480896
D:/uwin_sounds/split_audio\PHAZ\Jesse_-_01_PHAZ_V01\20210423_075500_38.65.wav,Verdin,Auriparus flaviceps,3,6,0.3806203603744507
D:/uwin_sounds/split_audio\PHAZ\Jesse_-_01_PHAZ_V01\20210423_075500_54.550000000000004.wav,Verdin,Auriparus flaviceps,0,3,0.5404539704322815
D:/uwin_sounds/split_audio\PHAZ\Jesse_-_01_PHAZ_V01\20210423_075500_74.05.wav,Verdin,Auriparus flaviceps,0,3,0.352736234664917
D:/uwin_sounds/split_audio\PHAZ\Jesse_-_01_PHAZ_V01\20210423_075500_82.05.wav,Verdin,Auriparus flaviceps,0,3,0.3333756625652313
D:/uwin_sounds/split_audio\PHAZ\Jesse_-_01_PHAZ_V01\20210423_075500_88.45.wav,Verdin,Auriparus flaviceps,6,7,0.5017282962799072
D:/uwin_sounds/split_audio\PHAZ\Jesse_-_01_PHAZ_V01\20210424_075500_120.55.wav,Verdin,Auriparus flaviceps,3,4,0.4138357639312744
D:/uwin_sounds/split_audio\PHAZ\Jesse_-_01_PHAZ_V01\20210424_075500_169.55.wav,House Finch,Haemorhous mexicanus,3,6,0.8253666162490845
D:/uwin_sounds/split_audio\PHAZ\Jesse_-_01_PHAZ_V01\20210424_075500_178.35.wav,Long-billed Dowitcher,Limnodromus scolopaceus,3,5,0.34963342547416687
D:/uwin_sounds/split_audio\PHAZ\Jesse_-_01_PHAZ_V01\20210424_075500_184.25.wav,Long-billed Dowitcher,Limnodromus scolopaceus,3,6,0.42436835169792175
D:/uwin_sounds/split_audio\PHAZ\Jesse_-_01_PHAZ_V01\20210424_075500_217.15.wav,Long-billed Dowitcher,Limnodromus scolopaceus,0,3,0.5148305892944336
D:/uwin_sounds/split_audio\PHAZ\Jesse_-_01_PHAZ_V01\20210424_075500_246.35.wav,Verdin,Auriparus flaviceps,3,4,0.4660286009311676
D:/uwin_sounds/split_audio\PHAZ\Jesse_-_01_PHAZ_V01\20210424_075500_251.25.wav,Verdin,Auriparus flaviceps,0,3,0.6191807985305786
D:/uwin_sounds/split_audio\PHAZ\Jesse_-_01_PHAZ_V01\20210424_075500_258.95.wav,Verdin,Auriparus flaviceps,0,3,0.5158984661102295
D:/uwin_sounds/split_audio\PHAZ\Jesse_-_01_PHAZ_V01\20210424_075500_263.35.wav,Verdin,Auriparus flaviceps,0,3,0.5122758746147156
D:/uwin_sounds/split_audio\PHAZ\Jesse_-_01_PHAZ_V01\20210424_075500_273.45.wav,Verdin,Auriparus flaviceps,0,3,0.6700489521026611
D:/uwin_sounds/split_audio\PHAZ\Jesse_-_01_PHAZ_V01\20210424_075500_278.45.wav,Verdin,Auriparus flaviceps,0,3,0.39534562826156616
D:/uwin_sounds/split_audio\PHAZ\Jesse_-_01_PHAZ_V01\20210424_075500_289.25.wav,Verdin,Auriparus flaviceps,3,6,0.9451178312301636
D:/uwin_sounds/split_audio\PHAZ\Jesse_-_01_PHAZ_V01\20210424_075500_29.650000000000002.wav,Verdin,Auriparus flaviceps,3,5,0.3234836459159851
D:/uwin_sounds/split_audio\PHAZ\Jesse_-_01_PHAZ_V01\20210424_075500_296.85.wav,Verdin,Auriparus flaviceps,0,3,0.9375467896461487
D:/uwin_sounds/split_audio\PHAZ\Jesse_-_01_PHAZ_V01\20210424_075500_299.85.wav,Verdin,Auriparus flaviceps,0,3,0.8420138955116272
D:/uwin_sounds/split_audio\PHAZ\Jesse_-_01_PHAZ_V01\20210425_075500_0.wav,White-winged Dove,Zenaida asiatica,0,3,0.9834308624267578
D:/uwin_sounds/split_audio\PHAZ\Jesse_-_01_PHAZ_V01\20210425_075500_101.75.wav,White-winged Dove,Zenaida asiatica,0,3,0.8963750004768372
D:/uwin_sounds/split_audio\PHAZ\Jesse_-_01_PHAZ_V01\20210425_075500_108.95.wav,White-winged Dove,Zenaida asiatica,0,3,0.9511440396308899
D:/uwin_sounds/split_audio\PHAZ\Jesse_-_01_PHAZ_V01\20210425_075500_113.25.wav,White-winged Dove,Zenaida asiatica,3,5,0.9882693290710449
D:/uwin_sounds/split_audio\PHAZ\Jesse_-_01_PHAZ_V01\20210425_075500_118.75.wav,White-winged Dove,Zenaida asiatica,3,6,0.9670369029045105
D:/uwin_sounds/split_audio\PHAZ\Jesse_-_01_PHAZ_V01\20210425_075500_127.15.wav,White-winged Dove,Zenaida asiatica,0,3,0.7368912696838379
D:/uwin_sounds/split_audio\PHAZ\Jesse_-_01_PHAZ_V01\20210425_075500_131.45.wav,White-winged Dove,Zenaida asiatica,3,5,0.9380954504013062
D:/uwin_sounds/split_audio\PHAZ\Jesse_-_01_PHAZ_V01\20210425_075500_138.25.wav,Verdin,Auriparus flaviceps,6,8,0.7890651226043701
D:/uwin_sounds/split_audio\PHAZ\Jesse_-_01_PHAZ_V01\20210425_075500_148.25.wav,White-winged Dove,Zenaida asiatica,0,3,0.7572853565216064
D:/uwin_sounds/split_audio\PHAZ\Jesse_-_01_PHAZ_V01\20210425_075500_163.35.wav,House Finch,Haemorhous mexicanus,3,6,0.6338341236114502
D:/uwin_sounds/split_audio\PHAZ\Jesse_-_01_PHAZ_V01\20210425_075500_187.05.wav,House Finch,Haemorhous mexicanus,0,2,0.49492892622947693
D:/uwin_sounds/split_audio\PHAZ\Jesse_-_01_PHAZ_V01\20210425_075500_189.45.wav,House Finch,Haemorhous mexicanus,0,3,0.40066325664520264
D:/uwin_sounds/split_audio\PHAZ\Jesse_-_01_PHAZ_V01\20210425_075500_198.25.wav,House Finch,Haemorhous mexicanus,6,8,0.8681308031082153
D:/uwin_sounds/split_audio\PHAZ\Jesse_-_01_PHAZ_V01\20210425_075500_206.75.wav,Verdin,Auriparus flaviceps,3,5,0.6073901057243347
D:/uwin_sounds/split_audio\PHAZ\Jesse_-_01_PHAZ_V01\20210425_075500_211.85.wav,House Finch,Haemorhous mexicanus,0,1,0.6550907492637634
D:/uwin_sounds/split_audio\PHAZ\Jesse_-_01_PHAZ_V01\20210425_075500_253.65.wav,House Finch,Haemorhous mexicanus,3,6,0.5668817758560181
D:/uwin_sounds/split_audio\PHAZ\Jesse_-_01_PHAZ_V01\20210425_075500_269.35.wav,House Finch,Haemorhous mexicanus,0,3,0.6922221183776855
D:/uwin_sounds/split_audio\PHAZ\Jesse_-_01_PHAZ_V01\20210425_075500_291.35.wav,House Finch,Haemorhous mexicanus,0,1,0.2756769359111786
D:/uwin_sounds/split_audio\PHAZ\Jesse_-_01_PHAZ_V01\20210425_075500_298.65.wav,House Finch,Haemorhous mexicanus,0,3,0.5891144275665283
D:/uwin_sounds/split_audio\PHAZ\Jesse_-_01_PHAZ_V01\20210425_075500_43.75.wav,House Finch,Haemorhous mexicanus,3,5,0.5209958553314209
D:/uwin_sounds/split_audio\PHAZ\Jesse_-_01_PHAZ_V01\20210425_075500_55.85.wav,White-winged Dove,Zenaida asiatica,3,5,0.9810519218444824
D:/uwin_sounds/split_audio\PHAZ\Jesse_-_01_PHAZ_V01\20210425_075500_61.550000000000004.wav,White-winged Dove,Zenaida asiatica,0,1,0.9759840369224548
D:/uwin_sounds/split_audio\PHAZ\Jesse_-_01_PHAZ_V01\20210425_075500_63.35.wav,White-winged Dove,Zenaida asiatica,3,6,0.9167375564575195
D:/uwin_sounds/split_audio\PHAZ\Jesse_-_01_PHAZ_V01\20210425_075500_73.55.wav,White-winged Dove,Zenaida asiatica,0,3,0.9220317602157593
D:/uwin_sounds/split_audio\PHAZ\Jesse_-_01_PHAZ_V01\20210425_075500_79.15.wav,White-winged Dove,Zenaida asiatica,0,3,0.9337724447250366
D:/uwin_sounds/split_audio\PHAZ\Jesse_-_01_PHAZ_V01\20210425_075500_83.85.wav,White-winged Dove,Zenaida asiatica,3,6,0.5655071139335632
D:/uwin_sounds/split_audio\PHAZ\Jesse_-_01_PHAZ_V01\20210425_075500_91.15.wav,White-winged Dove,Zenaida asiatica,0,3,0.964607834815979
D:/uwin_sounds/split_audio\PHAZ\Jesse_-_01_PHAZ_V01\20210425_075500_94.85.wav,White-winged Dove,Zenaida asiatica,3,6,0.8914034366607666
D:/uwin_sounds/split_audio\PHAZ\Jesse_-_01_PHAZ_V01\20210426_075500_0.wav,House Finch,Haemorhous mexicanus,0,3,0.33874285221099854
D:/uwin_sounds/split_audio\PHAZ\Jesse_-_01_PHAZ_V01\20210426_075500_102.15.wav,House Finch,Haemorhous mexicanus,0,3,0.49242067337036133
D:/uwin_sounds/split_audio\PHAZ\Jesse_-_01_PHAZ_V01\20210426_075500_106.05.wav,House Finch,Haemorhous mexicanus,0,2,0.3932909071445465
D:/uwin_sounds/split_audio\PHAZ\Jesse_-_01_PHAZ_V01\20210426_075500_108.35.wav,House Finch,Haemorhous mexicanus,3,6,0.5851320624351501
D:/uwin_sounds/split_audio\PHAZ\Jesse_-_01_PHAZ_V01\20210426_075500_11.650000000000002.wav,House Finch,Haemorhous mexicanus,3,5,0.46203237771987915
D:/uwin_sounds/split_audio\PHAZ\Jesse_-_01_PHAZ_V01\20210426_075500_117.05.wav,House Finch,Haemorhous mexicanus,0,2,0.33620113134384155
D:/uwin_sounds/split_audio\PHAZ\Jesse_-_01_PHAZ_V01\20210426_075500_119.55.wav,House Finch,Haemorhous mexicanus,3,6,0.5551547408103943
D:/uwin_sounds/split_audio\PHAZ\Jesse_-_01_PHAZ_V01\20210426_075500_125.75.wav,House Finch,Haemorhous mexicanus,0,3,0.5310372710227966
D:/uwin_sounds/split_audio\PHAZ\Jesse_-_01_PHAZ_V01\20210426_075500_130.85.wav,House Finch,Haemorhous mexicanus,3,6,0.6205690503120422
D:/uwin_sounds/split_audio\PHAZ\Jesse_-_01_PHAZ_V01\20210426_075500_137.05.wav,House Finch,Haemorhous mexicanus,0,3,0.5457983613014221
D:/uwin_sounds/split_audio\PHAZ\Jesse_-_01_PHAZ_V01\20210426_075500_140.75.wav,House Finch,Haemorhous mexicanus,0,3,0.33547189831733704
D:/uwin_sounds/split_audio\PHAZ\Jesse_-_01_PHAZ_V01\20210426_075500_146.65.wav,House Finch,Haemorhous mexicanus,0,1,0.47214755415916443
D:/uwin_sounds/split_audio\PHAZ\Jesse_-_01_PHAZ_V01\20210426_075500_148.25.wav,House Finch,Haemorhous mexicanus,0,3,0.6408339738845825
D:/uwin_sounds/split_audio\PHAZ\Jesse_-_01_PHAZ_V01\20210426_075500_156.55.wav,House Finch,Haemorhous mexicanus,0,2,0.322074830532074
D:/uwin_sounds/split_audio\PHAZ\Jesse_-_01_PHAZ_V01\20210426_075500_159.45.wav,House Finch,Haemorhous mexicanus,0,3,0.6695051789283752
D:/uwin_sounds/split_audio\PHAZ\Jesse_-_01_PHAZ_V01\20210426_075500_16.950000000000003.wav,Anna's Hummingbird,Calypte anna,3,4,0.3372463583946228
D:/uwin_sounds/split_audio\PHAZ\Jesse_-_01_PHAZ_V01\20210426_075500_164.25.wav,House Finch,Haemorhous mexicanus,3,6,0.6635691523551941
D:/uwin_sounds/split_audio\PHAZ\Jesse_-_01_PHAZ_V01\20210426_075500_171.95000000000002.wav,House Finch,Haemorhous mexicanus,0,2,0.4911457300186157
D:/uwin_sounds/split_audio\PHAZ\Jesse_-_01_PHAZ_V01\20210426_075500_21.750000000000004.wav,House Finch,Haemorhous mexicanus,0,3,0.25517788529396057
D:/uwin_sounds/split_audio\PHAZ\Jesse_-_01_PHAZ_V01\20210426_075500_228.95.wav,House Finch,Haemorhous mexicanus,3,5,0.4261436462402344
D:/uwin_sounds/split_audio\PHAZ\Jesse_-_01_PHAZ_V01\20210426_075500_248.35.wav,White-winged Dove,Zenaida asiatica,6,8,0.576953649520874
D:/uwin_sounds/split_audio\PHAZ\Jesse_-_01_PHAZ_V01\20210426_075500_259.35.wav,White-winged Dove,Zenaida asiatica,0,3,0.6386550068855286
D:/uwin_sounds/split_audio\PHAZ\Jesse_-_01_PHAZ_V01\20210426_075500_26.650000000000002.wav,House Finch,Haemorhous mexicanus,0,3,0.41608673334121704
D:/uwin_sounds/split_audio\PHAZ\Jesse_-_01_PHAZ_V01\20210426_075500_264.15.wav,White-winged Dove,Zenaida asiatica,0,3,0.7483720183372498
D:/uwin_sounds/split_audio\PHAZ\Jesse_-_01_PHAZ_V01\20210426_075500_268.35.wav,White-winged Dove,Zenaida asiatica,3,6,0.6522951126098633
D:/uwin_sounds/split_audio\PHAZ\Jesse_-_01_PHAZ_V01\20210426_075500_274.35.wav,White-winged Dove,Zenaida asiatica,0,3,0.8803027272224426
D:/uwin_sounds/split_audio\PHAZ\Jesse_-_01_PHAZ_V01\20210426_075500_279.35.wav,White-winged Dove,Zenaida asiatica,0,3,0.8574510216712952
D:/uwin_sounds/split_audio\PHAZ\Jesse_-_01_PHAZ_V01\20210426_075500_283.25.wav,White-winged Dove,Zenaida asiatica,3,6,0.9656279683113098
D:/uwin_sounds/split_audio\PHAZ\Jesse_-_01_PHAZ_V01\20210426_075500_291.65.wav,White-winged Dove,Zenaida asiatica,0,2,0.770004391670227
D:/uwin_sounds/split_audio\PHAZ\Jesse_-_01_PHAZ_V01\20210426_075500_294.55.wav,White-winged Dove,Zenaida asiatica,0,3,0.9753150939941406
D:/uwin_sounds/split_audio\PHAZ\Jesse_-_01_PHAZ_V01\20210426_075500_32.150000000000006.wav,House Finch,Haemorhous mexicanus,0,2,0.3507052958011627
D:/uwin_sounds/split_audio\PHAZ\Jesse_-_01_PHAZ_V01\20210426_075500_34.35.wav,House Sparrow,Passer domesticus,0,3,0.4766608774662018
D:/uwin_sounds/split_audio\PHAZ\Jesse_-_01_PHAZ_V01\20210426_075500_5.050000000000002.wav,House Finch,Haemorhous mexicanus,3,6,0.5267856121063232
D:/uwin_sounds/split_audio\PHAZ\Jesse_-_01_PHAZ_V01\20210426_075500_52.150000000000006.wav,House Finch,Haemorhous mexicanus,0,3,0.328877717256546
D:/uwin_sounds/split_audio\PHAZ\Jesse_-_01_PHAZ_V01\20210426_075500_56.95.wav,House Finch,Haemorhous mexicanus,0,1,0.325824499130249
D:/uwin_sounds/split_audio\PHAZ\Jesse_-_01_PHAZ_V01\20210426_075500_58.55.wav,House Finch,Haemorhous mexicanus,3,5,0.41629084944725037
D:/uwin_sounds/split_audio\PHAZ\Jesse_-_01_PHAZ_V01\20210426_075500_64.25.wav,House Finch,Haemorhous mexicanus,0,3,0.5438629388809204
D:/uwin_sounds/split_audio\PHAZ\Jesse_-_01_PHAZ_V01\20210426_075500_68.35.wav,House Finch,Haemorhous mexicanus,3,5,0.6799423098564148
D:/uwin_sounds/split_audio\PHAZ\Jesse_-_01_PHAZ_V01\20210426_075500_74.25.wav,House Finch,Haemorhous mexicanus,3,5,0.6004958152770996
D:/uwin_sounds/split_audio\PHAZ\Jesse_-_01_PHAZ_V01\20210426_075500_80.15.wav,House Finch,Haemorhous mexicanus,3,6,0.36855828762054443
D:/uwin_sounds/split_audio\PHAZ\Jesse_-_01_PHAZ_V01\20210426_075500_86.15.wav,House Finch,Haemorhous mexicanus,0,2,0.7583572268486023
D:/uwin_sounds/split_audio\PHAZ\Jesse_-_01_PHAZ_V01\20210426_075500_89.05.wav,House Finch,Haemorhous mexicanus,3,6,0.5342094898223877
D:/uwin_sounds/split_audio\PHAZ\Jesse_-_01_PHAZ_V01\20210426_075500_97.05.wav,House Finch,Haemorhous mexicanus,3,5,0.3489181101322174
D:/uwin_sounds/split_audio\PHAZ\Jesse_-_01_PHAZ_V01\20210427_075500_0.wav,White-winged Dove,Zenaida asiatica,0,3,0.35577020049095154
D:/uwin_sounds/split_audio\PHAZ\Jesse_-_01_PHAZ_V01\20210427_075500_110.05.wav,House Finch,Haemorhous mexicanus,3,6,0.8776111006736755
D:/uwin_sounds/split_audio\PHAZ\Jesse_-_01_PHAZ_V01\20210427_075500_117.05.wav,House Finch,Haemorhous mexicanus,0,3,0.3656710088253021
D:/uwin_sounds/split_audio\PHAZ\Jesse_-_01_PHAZ_V01\20210427_075500_16.150000000000002.wav,House Finch,Haemorhous mexicanus,0,3,0.947318434715271
D:/uwin_sounds/split_audio\PHAZ\Jesse_-_01_PHAZ_V01\20210427_075500_173.75.wav,White-winged Dove,Zenaida asiatica,3,6,0.7719466686248779
D:/uwin_sounds/split_audio\PHAZ\Jesse_-_01_PHAZ_V01\20210427_075500_184.75.wav,Verdin,Auriparus flaviceps,3,6,0.26175788044929504
D:/uwin_sounds/split_audio\PHAZ\Jesse_-_01_PHAZ_V01\20210427_075500_209.05.wav,White-winged Dove,Zenaida asiatica,0,3,0.9290401339530945
D:/uwin_sounds/split_audio\PHAZ\Jesse_-_01_PHAZ_V01\20210427_075500_213.65.wav,Black-tailed Gnatcatcher,Polioptila melanura,0,3,0.2596217691898346
D:/uwin_sounds/split_audio\PHAZ\Jesse_-_01_PHAZ_V01\20210427_075500_233.85.wav,Northern Rough-winged Swallow,Stelgidopteryx serripennis,6,8,0.5898359417915344
D:/uwin_sounds/split_audio\PHAZ\Jesse_-_01_PHAZ_V01\20210427_075500_250.15.wav,Verdin,Auriparus flaviceps,3,5,0.4486083686351776
D:/uwin_sounds/split_audio\PHAZ\Jesse_-_01_PHAZ_V01\20210427_075500_255.15.wav,Verdin,Auriparus flaviceps,0,3,0.34911680221557617
D:/uwin_sounds/split_audio\PHAZ\Jesse_-_01_PHAZ_V01\20210427_075500_26.750000000000004.wav,House Finch,Haemorhous mexicanus,0,3,0.7751221060752869
D:/uwin_sounds/split_audio\PHAZ\Jesse_-_01_PHAZ_V01\20210427_075500_264.45.wav,Verdin,Auriparus flaviceps,3,4,0.4794643223285675
D:/uwin_sounds/split_audio\PHAZ\Jesse_-_01_PHAZ_V01\20210427_075500_32.050000000000004.wav,House Finch,Haemorhous mexicanus,0,3,0.7247049808502197
D:/uwin_sounds/split_audio\PHAZ\Jesse_-_01_PHAZ_V01\20210427_075500_36.550000000000004.wav,House Finch,Haemorhous mexicanus,3,5,0.7232949733734131
D:/uwin_sounds/split_audio\PHAZ\Jesse_-_01_PHAZ_V01\20210427_075500_4.350000000000001.wav,House Finch,Haemorhous mexicanus,0,3,0.27563875913619995
D:/uwin_sounds/split_audio\PHAZ\Jesse_-_01_PHAZ_V01\20210427_075500_54.45.wav,House Finch,Haemorhous mexicanus,0,3,0.7703455090522766
D:/uwin_sounds/split_audio\PHAZ\Jesse_-_01_PHAZ_V01\20210427_075500_68.55.wav,House Finch,Haemorhous mexicanus,0,3,0.4290872812271118
D:/uwin_sounds/split_audio\PHAZ\Jesse_-_01_PHAZ_V01\20210427_075500_8.35.wav,House Finch,Haemorhous mexicanus,0,3,0.8377476930618286
D:/uwin_sounds/split_audio\PHAZ\Jesse_-_01_PHAZ_V01\20210427_075500_83.45.wav,House Finch,Haemorhous mexicanus,0,3,0.5800955295562744
D:/uwin_sounds/split_audio\PHAZ\Jesse_-_01_PHAZ_V01\20210427_075500_88.25.wav,House Finch,Haemorhous mexicanus,3,6,0.8101685047149658
D:/uwin_sounds/split_audio\PHAZ\Jesse_-_02_PHAZ_V10\20210418_085500_227.15.wav,White-winged Dove,Zenaida asiatica,0,2,0.9470688104629517
D:/uwin_sounds/split_audio\PHAZ\Jesse_-_02_PHAZ_V10\20210418_085500_229.75.wav,White-winged Dove,Zenaida asiatica,0,3,0.9543294310569763
D:/uwin_sounds/split_audio\PHAZ\Jesse_-_02_PHAZ_V10\20210418_085500_248.85.wav,White-winged Dove,Zenaida asiatica,3,6,0.9562258720397949
D:/uwin_sounds/split_audio\PHAZ\Jesse_-_02_PHAZ_V10\20210418_085500_254.95.wav,White-winged Dove,Zenaida asiatica,0,3,0.7670358419418335
D:/uwin_sounds/split_audio\PHAZ\Jesse_-_02_PHAZ_V10\20210418_085500_263.75.wav,Black Phoebe,Sayornis nigricans,0,3,0.34248313307762146
D:/uwin_sounds/split_audio\PHAZ\Jesse_-_02_PHAZ_V10\20210418_085500_270.05.wav,White-winged Dove,Zenaida asiatica,0,3,0.977840006351471
D:/uwin_sounds/split_audio\PHAZ\Jesse_-_02_PHAZ_V10\20210418_085500_289.85.wav,House Finch,Haemorhous mexicanus,3,6,0.37168580293655396
D:/uwin_sounds/split_audio\PHAZ\Jesse_-_02_PHAZ_V10\20210418_085500_295.85.wav,House Finch,Haemorhous mexicanus,0,2,0.3671366274356842
D:/uwin_sounds/split_audio\PHAZ\Jesse_-_02_PHAZ_V10\20210418_085500_298.25.wav,House Finch,Haemorhous mexicanus,0,3,0.43116241693496704
D:/uwin_sounds/split_audio\PHAZ\Jesse_-_02_PHAZ_V10\20210419_085500_11.050000000000002.wav,House Finch,Haemorhous mexicanus,0,3,0.33386510610580444
D:/uwin_sounds/split_audio\PHAZ\Jesse_-_02_PHAZ_V10\20210419_085500_139.95.wav,Black-tailed Gnatcatcher,Polioptila melanura,3,5,0.27772751450538635
D:/uwin_sounds/split_audio\PHAZ\Jesse_-_02_PHAZ_V10\20210419_085500_14.25.wav,House Finch,Haemorhous mexicanus,0,3,0.81062251329422
D:/uwin_sounds/split_audio\PHAZ\Jesse_-_02_PHAZ_V10\20210419_085500_194.45.wav,Sage Thrasher,Oreoscoptes montanus,3,6,0.4328369200229645
D:/uwin_sounds/split_audio\PHAZ\Jesse_-_02_PHAZ_V10\20210419_085500_219.45.wav,Osprey,Pandion haliaetus,0,3,0.5646450519561768
D:/uwin_sounds/split_audio\PHAZ\Jesse_-_02_PHAZ_V10\20210419_085500_224.55.wav,Osprey,Pandion haliaetus,0,3,0.5663352012634277
D:/uwin_sounds/split_audio\PHAZ\Jesse_-_02_PHAZ_V10\20210419_085500_253.75.wav,Mourning Dove,Zenaida macroura,6,8,0.34367167949676514
D:/uwin_sounds/split_audio\PHAZ\Jesse_-_02_PHAZ_V10\20210419_085500_262.05.wav,House Finch,Haemorhous mexicanus,0,2,0.2803771197795868
D:/uwin_sounds/split_audio\PHAZ\Jesse_-_02_PHAZ_V10\20210419_085500_286.25.wav,House Finch,Haemorhous mexicanus,0,3,0.35764604806900024
D:/uwin_sounds/split_audio\PHAZ\Jesse_-_02_PHAZ_V10\20210420_085500_123.55.wav,Gambel's Quail,Callipepla gambelii,0,3,0.7540560364723206
D:/uwin_sounds/split_audio\PHAZ\Jesse_-_02_PHAZ_V10\20210420_085500_169.15.wav,Gambel's Quail,Callipepla gambelii,0,3,0.7019674777984619
D:/uwin_sounds/split_audio\PHAZ\Jesse_-_02_PHAZ_V10\20210420_085500_187.05.wav,House Finch,Haemorhous mexicanus,0,2,0.42647361755371094
D:/uwin_sounds/split_audio\PHAZ\Jesse_-_02_PHAZ_V10\20210420_085500_221.85.wav,House Finch,Haemorhous mexicanus,3,5,0.5105835199356079
D:/uwin_sounds/split_audio\PHAZ\Jesse_-_02_PHAZ_V10\20210420_085500_24.150000000000002.wav,Wild Turkey,Meleagris gallopavo,3,6,0.2954552173614502
D:/uwin_sounds/split_audio\PHAZ\Jesse_-_02_PHAZ_V10\20210420_085500_276.45.wav,Black-tailed Gnatcatcher,Polioptila melanura,3,5,0.4652045667171478
D:/uwin_sounds/split_audio\PHAZ\Jesse_-_02_PHAZ_V10\20210420_085500_283.65.wav,Black-tailed Gnatcatcher,Polioptila melanura,0,3,0.44124919176101685
D:/uwin_sounds/split_audio\PHAZ\Jesse_-_02_PHAZ_V10\20210420_085500_75.95.wav,Gambel's Quail,Callipepla gambelii,0,3,0.836823582649231
D:/uwin_sounds/split_audio\PHAZ\Jesse_-_02_PHAZ_V10\20210420_085500_91.95.wav,Dark-eyed Junco,Junco hyemalis,0,1,0.2886847257614136
D:/uwin_sounds/split_audio\PHAZ\Jesse_-_02_PHAZ_V10\20210421_085500_0.wav,Gambel's Quail,Callipepla gambelii,3,6,0.7814939022064209
D:/uwin_sounds/split_audio\PHAZ\Jesse_-_02_PHAZ_V10\20210421_085500_111.25.wav,Gambel's Quail,Callipepla gambelii,0,3,0.8552485704421997
D:/uwin_sounds/split_audio\PHAZ\Jesse_-_02_PHAZ_V10\20210421_085500_120.15.wav,Gambel's Quail,Callipepla gambelii,3,6,0.9085758328437805
D:/uwin_sounds/split_audio\PHAZ\Jesse_-_02_PHAZ_V10\20210421_085500_131.65.wav,Gambel's Quail,Callipepla gambelii,0,3,0.787298321723938
D:/uwin_sounds/split_audio\PHAZ\Jesse_-_02_PHAZ_V10\20210421_085500_136.35.wav,Black-tailed Gnatcatcher,Polioptila melanura,0,2,0.4520481526851654
D:/uwin_sounds/split_audio\PHAZ\Jesse_-_02_PHAZ_V10\20210421_085500_138.65.wav,Gambel's Quail,Callipepla gambelii,0,3,0.9427402019500732
D:/uwin_sounds/split_audio\PHAZ\Jesse_-_02_PHAZ_V10\20210421_085500_144.85.wav,Gambel's Quail,Callipepla gambelii,3,4,0.9248975515365601
D:/uwin_sounds/split_audio\PHAZ\Jesse_-_02_PHAZ_V10\20210421_085500_155.05.wav,Gambel's Quail,Callipepla gambelii,0,3,0.8784627914428711
D:/uwin_sounds/split_audio\PHAZ\Jesse_-_02_PHAZ_V10\20210421_085500_168.55.wav,Gambel's Quail,Callipepla gambelii,0,3,0.8896321058273315
D:/uwin_sounds/split_audio\PHAZ\Jesse_-_02_PHAZ_V10\20210421_085500_174.55.wav,Gambel's Quail,Callipepla gambelii,3,6,0.8903120160102844
D:/uwin_sounds/split_audio\PHAZ\Jesse_-_02_PHAZ_V10\20210421_085500_186.95000000000002.wav,Gambel's Quail,Callipepla gambelii,0,3,0.9460486769676208
D:/uwin_sounds/split_audio\PHAZ\Jesse_-_02_PHAZ_V10\20210421_085500_190.95.wav,House Finch,Haemorhous mexicanus,3,4,0.284765362739563
D:/uwin_sounds/split_audio\PHAZ\Jesse_-_02_PHAZ_V10\20210421_085500_20.450000000000003.wav,Gambel's Quail,Callipepla gambelii,0,3,0.9182484149932861
D:/uwin_sounds/split_audio\PHAZ\Jesse_-_02_PHAZ_V10\20210421_085500_206.85.wav,Gambel's Quail,Callipepla gambelii,0,3,0.8761674761772156
D:/uwin_sounds/split_audio\PHAZ\Jesse_-_02_PHAZ_V10\20210421_085500_219.75.wav,Brewer's Blackbird,Euphagus cyanocephalus,0,3,0.4267210066318512
D:/uwin_sounds/split_audio\PHAZ\Jesse_-_02_PHAZ_V10\20210421_085500_225.15.wav,Gambel's Quail,Callipepla gambelii,3,4,0.977080225944519
D:/uwin_sounds/split_audio\PHAZ\Jesse_-_02_PHAZ_V10\20210421_085500_238.25.wav,Gambel's Quail,Callipepla gambelii,0,3,0.9190614223480225
D:/uwin_sounds/split_audio\PHAZ\Jesse_-_02_PHAZ_V10\20210421_085500_246.05.wav,Gambel's Quail,Callipepla gambelii,0,3,0.9309648871421814
D:/uwin_sounds/split_audio\PHAZ\Jesse_-_02_PHAZ_V10\20210421_085500_250.85.wav,Mourning Dove,Zenaida macroura,3,5,0.48756158351898193
D:/uwin_sounds/split_audio\PHAZ\Jesse_-_02_PHAZ_V10\20210421_085500_256.15.wav,Gambel's Quail,Callipepla gambelii,0,2,0.9515082240104675
D:/uwin_sounds/split_audio\PHAZ\Jesse_-_02_PHAZ_V10\20210421_085500_271.15.wav,Gambel's Quail,Callipepla gambelii,0,3,0.8298376202583313
D:/uwin_sounds/split_audio\PHAZ\Jesse_-_02_PHAZ_V10\20210421_085500_278.65.wav,Gambel's Quail,Callipepla gambelii,0,3,0.5733969211578369
D:/uwin_sounds/split_audio\PHAZ\Jesse_-_02_PHAZ_V10\20210421_085500_30.35.wav,Gambel's Quail,Callipepla gambelii,0,3,0.8074795007705688
D:/uwin_sounds/split_audio\PHAZ\Jesse_-_02_PHAZ_V10\20210421_085500_36.650000000000006.wav,House Finch,Haemorhous mexicanus,0,3,0.5024555325508118
D:/uwin_sounds/split_audio\PHAZ\Jesse_-_02_PHAZ_V10\20210421_085500_41.650000000000006.wav,House Finch,Haemorhous mexicanus,0,2,0.3612181544303894
D:/uwin_sounds/split_audio\PHAZ\Jesse_-_02_PHAZ_V10\20210421_085500_44.35.wav,Gambel's Quail,Callipepla gambelii,0,3,0.8993272185325623
D:/uwin_sounds/split_audio\PHAZ\Jesse_-_02_PHAZ_V10\20210421_085500_54.05.wav,Gambel's Quail,Callipepla gambelii,0,3,0.8908146023750305
D:/uwin_sounds/split_audio\PHAZ\Jesse_-_02_PHAZ_V10\20210421_085500_59.45.wav,Gambel's Quail,Callipepla gambelii,6,7,0.8435654640197754
D:/uwin_sounds/split_audio\PHAZ\Jesse_-_02_PHAZ_V10\20210421_085500_6.250000000000003.wav,House Finch,Haemorhous mexicanus,0,3,0.6559345722198486
D:/uwin_sounds/split_audio\PHAZ\Jesse_-_02_PHAZ_V10\20210421_085500_73.35.wav,Gambel's Quail,Callipepla gambelii,3,5,0.9697138071060181
D:/uwin_sounds/split_audio\PHAZ\Jesse_-_02_PHAZ_V10\20210421_085500_84.55.wav,Gambel's Quail,Callipepla gambelii,3,6,0.9174131751060486
D:/uwin_sounds/split_audio\PHAZ\Jesse_-_02_PHAZ_V10\20210421_085500_9.350000000000001.wav,Gambel's Quail,Callipepla gambelii,0,3,0.6853597164154053
D:/uwin_sounds/split_audio\PHAZ\Jesse_-_02_PHAZ_V10\20210421_085500_95.35000000000001.wav,Gambel's Quail,Callipepla gambelii,3,5,0.9917734265327454
D:/uwin_sounds/split_audio\PHAZ\Jesse_-_02_PHAZ_V10\20210422_085500_0.wav,Black-tailed Gnatcatcher,Polioptila melanura,0,3,0.8514699339866638
D:/uwin_sounds/split_audio\PHAZ\Jesse_-_02_PHAZ_V10\20210422_085500_101.25.wav,Killdeer,Charadrius vociferus,3,5,0.6463300585746765
D:/uwin_sounds/split_audio\PHAZ\Jesse_-_02_PHAZ_V10\20210422_085500_106.35000000000001.wav,Killdeer,Charadrius vociferus,3,5,0.8016341924667358
D:/uwin_sounds/split_audio\PHAZ\Jesse_-_02_PHAZ_V10\20210422_085500_111.75.wav,Killdeer,Charadrius vociferus,0,3,0.921908438205719
D:/uwin_sounds/split_audio\PHAZ\Jesse_-_02_PHAZ_V10\20210422_085500_117.15.wav,Killdeer,Charadrius vociferus,0,2,0.6256556510925293
D:/uwin_sounds/split_audio\PHAZ\Jesse_-_02_PHAZ_V10\20210422_085500_119.95.wav,Killdeer,Charadrius vociferus,0,3,0.7249765396118164
D:/uwin_sounds/split_audio\PHAZ\Jesse_-_02_PHAZ_V10\20210422_085500_126.35000000000001.wav,American Kestrel,Falco sparverius,0,2,0.7599558234214783
D:/uwin_sounds/split_audio\PHAZ\Jesse_-_02_PHAZ_V10\20210422_085500_128.55.wav,Killdeer,Charadrius vociferus,3,6,0.316366970539093
D:/uwin_sounds/split_audio\PHAZ\Jesse_-_02_PHAZ_V10\20210422_085500_134.55.wav,Black-tailed Gnatcatcher,Polioptila melanura,3,6,0.7360540628433228
D:/uwin_sounds/split_audio\PHAZ\Jesse_-_02_PHAZ_V10\20210422_085500_14.55.wav,Black-tailed Gnatcatcher,Polioptila melanura,3,6,0.9965605139732361
D:/uwin_sounds/split_audio\PHAZ\Jesse_-_02_PHAZ_V10\20210422_085500_143.55.wav,Killdeer,Charadrius vociferus,3,5,0.5983877182006836
D:/uwin_sounds/split_audio\PHAZ\Jesse_-_02_PHAZ_V10\20210422_085500_148.75.wav,Killdeer,Charadrius vociferus,0,3,0.9457135796546936
D:/uwin_sounds/split_audio\PHAZ\Jesse_-_02_PHAZ_V10\20210422_085500_154.35.wav,Killdeer,Charadrius vociferus,0,3,0.8229371309280396
D:/uwin_sounds/split_audio\PHAZ\Jesse_-_02_PHAZ_V10\20210422_085500_162.05.wav,House Finch,Haemorhous mexicanus,0,3,0.30139899253845215
D:/uwin_sounds/split_audio\PHAZ\Jesse_-_02_PHAZ_V10\20210422_085500_165.75.wav,Killdeer,Charadrius vociferus,3,4,0.3595932424068451
D:/uwin_sounds/split_audio\PHAZ\Jesse_-_02_PHAZ_V10\20210422_085500_175.15.wav,Killdeer,Charadrius vociferus,0,3,0.2723737359046936
D:/uwin_sounds/split_audio\PHAZ\Jesse_-_02_PHAZ_V10\20210422_085500_180.45.wav,Killdeer,Charadrius vociferus,0,3,0.6022990942001343
D:/uwin_sounds/split_audio\PHAZ\Jesse_-_02_PHAZ_V10\20210422_085500_185.65.wav,Killdeer,Charadrius vociferus,0,3,0.4911850690841675
D:/uwin_sounds/split_audio\PHAZ\Jesse_-_02_PHAZ_V10\20210422_085500_196.35.wav,Killdeer,Charadrius vociferus,3,4,0.35581785440444946
D:/uwin_sounds/split_audio\PHAZ\Jesse_-_02_PHAZ_V10\20210422_085500_201.05.wav,Killdeer,Charadrius vociferus,3,4,0.35126498341560364
D:/uwin_sounds/split_audio\PHAZ\Jesse_-_02_PHAZ_V10\20210422_085500_205.65.wav,Killdeer,Charadrius vociferus,0,2,0.8976492881774902
D:/uwin_sounds/split_audio\PHAZ\Jesse_-_02_PHAZ_V10\20210422_085500_208.35.wav,Killdeer,Charadrius vociferus,3,6,0.9814099073410034
D:/uwin_sounds/split_audio\PHAZ\Jesse_-_02_PHAZ_V10\20210422_085500_21.550000000000004.wav,Black-tailed Gnatcatcher,Polioptila melanura,3,4,0.7086228728294373
D:/uwin_sounds/split_audio\PHAZ\Jesse_-_02_PHAZ_V10\20210422_085500_215.05.wav,Killdeer,Charadrius vociferus,0,3,0.9786317348480225
D:/uwin_sounds/split_audio\PHAZ\Jesse_-_02_PHAZ_V10\20210422_085500_218.75.wav,Killdeer,Charadrius vociferus,3,6,0.9625112414360046
D:/uwin_sounds/split_audio\PHAZ\Jesse_-_02_PHAZ_V10\20210422_085500_224.95.wav,Killdeer,Charadrius vociferus,0,3,0.36454543471336365
D:/uwin_sounds/split_audio\PHAZ\Jesse_-_02_PHAZ_V10\20210422_085500_252.05.wav,Killdeer,Charadrius vociferus,3,5,0.44464346766471863
D:/uwin_sounds/split_audio\PHAZ\Jesse_-_02_PHAZ_V10\20210422_085500_26.35.wav,Black-tailed Gnatcatcher,Polioptila melanura,0,3,0.3101971447467804
D:/uwin_sounds/split_audio\PHAZ\Jesse_-_02_PHAZ_V10\20210422_085500_268.75.wav,Black-tailed Gnatcatcher,Polioptila melanura,3,6,0.3408738970756531
D:/uwin_sounds/split_audio\PHAZ\Jesse_-_02_PHAZ_V10\20210422_085500_3.25.wav,Black-tailed Gnatcatcher,Polioptila melanura,6,8,0.6857823133468628
D:/uwin_sounds/split_audio\PHAZ\Jesse_-_02_PHAZ_V10\20210422_085500_31.050000000000004.wav,Black-tailed Gnatcatcher,Polioptila melanura,3,4,0.640455424785614
D:/uwin_sounds/split_audio\PHAZ\Jesse_-_02_PHAZ_V10\20210422_085500_35.75.wav,Black-tailed Gnatcatcher,Polioptila melanura,3,5,0.9840691685676575
D:/uwin_sounds/split_audio\PHAZ\Jesse_-_02_PHAZ_V10\20210422_085500_47.050000000000004.wav,Black-tailed Gnatcatcher,Polioptila melanura,0,3,0.45864295959472656
D:/uwin_sounds/split_audio\PHAZ\Jesse_-_02_PHAZ_V10\20210422_085500_50.35.wav,Black-tailed Gnatcatcher,Polioptila melanura,0,3,0.6354566812515259
D:/uwin_sounds/split_audio\PHAZ\Jesse_-_02_PHAZ_V10\20210422_085500_55.95.wav,Cliff Swallow,Petrochelidon pyrrhonota,3,4,0.7217456102371216
D:/uwin_sounds/split_audio\PHAZ\Jesse_-_02_PHAZ_V10\20210422_085500_60.75.wav,Black-tailed Gnatcatcher,Polioptila melanura,0,3,0.5964324474334717
D:/uwin_sounds/split_audio\PHAZ\Jesse_-_02_PHAZ_V10\20210422_085500_65.75.wav,Black-tailed Gnatcatcher,Polioptila melanura,0,2,0.9185001850128174
D:/uwin_sounds/split_audio\PHAZ\Jesse_-_02_PHAZ_V10\20210422_085500_68.25.wav,Black-tailed Gnatcatcher,Polioptila melanura,3,5,0.9642986059188843
D:/uwin_sounds/split_audio\PHAZ\Jesse_-_02_PHAZ_V10\20210422_085500_74.15.wav,Black-tailed Gnatcatcher,Polioptila melanura,3,6,0.8742790818214417
D:/uwin_sounds/split_audio\PHAZ\Jesse_-_02_PHAZ_V10\20210422_085500_81.15.wav,Black-tailed Gnatcatcher,Polioptila melanura,0,2,0.3871833086013794
D:/uwin_sounds/split_audio\PHAZ\Jesse_-_02_PHAZ_V10\20210422_085500_83.25.wav,Black-tailed Gnatcatcher,Polioptila melanura,6,7,0.9835267663002014
D:/uwin_sounds/split_audio\PHAZ\Jesse_-_02_PHAZ_V10\20210422_085500_91.15.wav,Black-tailed Gnatcatcher,Polioptila melanura,0,3,0.40213891863822937
D:/uwin_sounds/split_audio\PHAZ\Jesse_-_02_PHAZ_V10\20210423_085500_0.wav,Black Phoebe,Sayornis nigricans,3,4,0.7418276071548462
D:/uwin_sounds/split_audio\PHAZ\Jesse_-_02_PHAZ_V10\20210423_085500_103.55.wav,Black Phoebe,Sayornis nigricans,3,6,0.29871827363967896
D:/uwin_sounds/split_audio\PHAZ\Jesse_-_02_PHAZ_V10\20210423_085500_110.05.wav,Black Phoebe,Sayornis nigricans,0,3,0.4382197856903076
D:/uwin_sounds/split_audio\PHAZ\Jesse_-_02_PHAZ_V10\20210423_085500_113.25.wav,Black Phoebe,Sayornis nigricans,3,6,0.34851107001304626
D:/uwin_sounds/split_audio\PHAZ\Jesse_-_02_PHAZ_V10\20210423_085500_258.25.wav,Mourning Dove,Zenaida macroura,0,3,0.9935818910598755
D:/uwin_sounds/split_audio\PHAZ\Jesse_-_02_PHAZ_V10\20210423_085500_270.75.wav,Mourning Dove,Zenaida macroura,3,5,0.9937300682067871
D:/uwin_sounds/split_audio\PHAZ\Jesse_-_02_PHAZ_V10\20210423_085500_290.35.wav,Mourning Dove,Zenaida macroura,3,5,0.9957246780395508
D:/uwin_sounds/split_audio\PHAZ\Jesse_-_02_PHAZ_V10\20210423_085500_46.050000000000004.wav,Black Phoebe,Sayornis nigricans,0,2,0.26699182391166687
D:/uwin_sounds/split_audio\PHAZ\Jesse_-_02_PHAZ_V10\20210423_085500_56.150000000000006.wav,Black Phoebe,Sayornis nigricans,0,2,0.7454423308372498
D:/uwin_sounds/split_audio\PHAZ\Jesse_-_02_PHAZ_V10\20210423_085500_64.75.wav,Black Phoebe,Sayornis nigricans,0,3,0.3495302200317383
D:/uwin_sounds/split_audio\PHAZ\Jesse_-_02_PHAZ_V10\20210423_085500_69.55.wav,Black Phoebe,Sayornis nigricans,0,3,0.5991193652153015
D:/uwin_sounds/split_audio\PHAZ\Jesse_-_02_PHAZ_V10\20210423_085500_8.25.wav,Mourning Dove,Zenaida macroura,3,5,0.9969193935394287
D:/uwin_sounds/split_audio\PHAZ\Jesse_-_02_PHAZ_V10\20210423_085500_83.85.wav,Black Phoebe,Sayornis nigricans,6,7,0.5141798257827759
D:/uwin_sounds/split_audio\PHAZ\Jesse_-_02_PHAZ_V10\20210424_085500_108.25.wav,Mourning Dove,Zenaida macroura,3,6,0.9609630703926086
D:/uwin_sounds/split_audio\PHAZ\Jesse_-_02_PHAZ_V10\20210424_085500_118.55.wav,Mourning Dove,Zenaida macroura,3,6,0.31023678183555603
D:/uwin_sounds/split_audio\PHAZ\Jesse_-_02_PHAZ_V10\20210424_085500_125.15.wav,Mourning Dove,Zenaida macroura,0,3,0.9832065105438232
D:/uwin_sounds/split_audio\PHAZ\Jesse_-_02_PHAZ_V10\20210424_085500_138.65.wav,Mourning Dove,Zenaida macroura,0,3,0.9662278890609741
D:/uwin_sounds/split_audio\PHAZ\Jesse_-_02_PHAZ_V10\20210424_085500_148.25.wav,Mourning Dove,Zenaida macroura,0,3,0.6261478662490845
D:/uwin_sounds/split_audio\PHAZ\Jesse_-_02_PHAZ_V10\20210424_085500_160.85.wav,Mourning Dove,Zenaida macroura,0,3,0.985932469367981
D:/uwin_sounds/split_audio\PHAZ\Jesse_-_02_PHAZ_V10\20210424_085500_168.25.wav,Cliff Swallow,Petrochelidon pyrrhonota,6,8,0.5311143398284912
D:/uwin_sounds/split_audio\PHAZ\Jesse_-_02_PHAZ_V10\20210424_085500_176.35.wav,Mourning Dove,Zenaida macroura,0,3,0.9880979657173157
D:/uwin_sounds/split_audio\PHAZ\Jesse_-_02_PHAZ_V10\20210424_085500_193.25.wav,Cliff Swallow,Petrochelidon pyrrhonota,6,8,0.8285990953445435
D:/uwin_sounds/split_audio\PHAZ\Jesse_-_02_PHAZ_V10\20210424_085500_201.35.wav,Cliff Swallow,Petrochelidon pyrrhonota,0,3,0.9556263089179993
D:/uwin_sounds/split_audio\PHAZ\Jesse_-_02_PHAZ_V10\20210424_085500_206.85.wav,Cliff Swallow,Petrochelidon pyrrhonota,0,2,0.8358819484710693
D:/uwin_sounds/split_audio\PHAZ\Jesse_-_02_PHAZ_V10\20210424_085500_208.95.wav,Cliff Swallow,Petrochelidon pyrrhonota,3,6,0.691379189491272
D:/uwin_sounds/split_audio\PHAZ\Jesse_-_02_PHAZ_V10\20210424_085500_223.45.wav,Cliff Swallow,Petrochelidon pyrrhonota,3,5,0.7396801114082336
D:/uwin_sounds/split_audio\PHAZ\Jesse_-_02_PHAZ_V10\20210424_085500_273.55.wav,Verdin,Auriparus flaviceps,3,4,0.731908917427063
D:/uwin_sounds/split_audio\PHAZ\Jesse_-_02_PHAZ_V10\20210424_085500_278.35.wav,Verdin,Auriparus flaviceps,3,6,0.3788842558860779
D:/uwin_sounds/split_audio\PHAZ\Jesse_-_02_PHAZ_V10\20210424_085500_291.15.wav,Verdin,Auriparus flaviceps,0,2,0.6660405993461609
D:/uwin_sounds/split_audio\PHAZ\Jesse_-_02_PHAZ_V10\20210424_085500_85.15.wav,Mourning Dove,Zenaida macroura,3,6,0.5520231127738953
D:/uwin_sounds/split_audio\PHAZ\Jesse_-_02_PHAZ_V10\20210425_085500_234.95.wav,Killdeer,Charadrius vociferus,0,3,0.5465695858001709
D:/uwin_sounds/split_audio\PHAZ\Jesse_-_02_PHAZ_V10\20210425_085500_238.75.wav,Killdeer,Charadrius vociferus,0,3,0.936342179775238
D:/uwin_sounds/split_audio\PHAZ\Jesse_-_02_PHAZ_V10\20210425_085500_44.85.wav,Great-tailed Grackle,Quiscalus mexicanus,0,3,0.3303631544113159
D:/uwin_sounds/split_audio\PHAZ\Jesse_-_02_PHAZ_V10\20210425_085500_68.85.wav,Great-tailed Grackle,Quiscalus mexicanus,0,3,0.7805393934249878
D:/uwin_sounds/split_audio\PHAZ\Jesse_-_02_PHAZ_V10\20210426_085500_19.450000000000003.wav,Bullock's Oriole,Icterus bullockii,3,5,0.6749972701072693
D:/uwin_sounds/split_audio\PHAZ\Jesse_-_02_PHAZ_V10\20210426_085500_241.95000000000002.wav,Bullock's Oriole,Icterus bullockii,0,1,0.3678303360939026
D:/uwin_sounds/split_audio\PHAZ\Jesse_-_02_PHAZ_V10\20210426_085500_243.85.wav,Bullock's Oriole,Icterus bullockii,3,6,0.3390798568725586
D:/uwin_sounds/split_audio\PHAZ\Jesse_-_02_PHAZ_V10\20210426_085500_260.95.wav,Bullock's Oriole,Icterus bullockii,3,5,0.3500003516674042
D:/uwin_sounds/split_audio\PHAZ\Jesse_-_02_PHAZ_V10\20210426_085500_266.15.wav,Bullock's Oriole,Icterus bullockii,0,3,0.4733816087245941
D:/uwin_sounds/split_audio\PHAZ\Jesse_-_02_PHAZ_V10\20210426_085500_270.45.wav,Bullock's Oriole,Icterus bullockii,0,3,0.6799204349517822
D:/uwin_sounds/split_audio\PHAZ\Jesse_-_02_PHAZ_V10\20210426_085500_273.95.wav,Bullock's Oriole,Icterus bullockii,0,3,0.35650911927223206
D:/uwin_sounds/split_audio\PHAZ\Jesse_-_02_PHAZ_V10\20210426_085500_37.050000000000004.wav,Bullock's Oriole,Icterus bullockii,0,3,0.40189695358276367
D:/uwin_sounds/split_audio\PHAZ\Jesse_-_02_PHAZ_V10\20210426_085500_40.25.wav,Verdin,Auriparus flaviceps,0,3,0.8793407082557678
D:/uwin_sounds/split_audio\PHAZ\Jesse_-_02_PHAZ_V10\20210426_085500_45.75.wav,Bullock's Oriole,Icterus bullockii,0,3,0.6448637843132019
D:/uwin_sounds/split_audio\PHAZ\Jesse_-_02_PHAZ_V10\20210426_085500_48.95.wav,Bullock's Oriole,Icterus bullockii,3,5,0.9786140322685242
D:/uwin_sounds/split_audio\PHAZ\Jesse_-_02_PHAZ_V10\20210426_085500_54.65.wav,Bullock's Oriole,Icterus bullockii,0,3,0.5544411540031433
D:/uwin_sounds/split_audio\PHAZ\Jesse_-_02_PHAZ_V10\20210426_085500_61.85.wav,Bullock's Oriole,Icterus bullockii,0,1,0.4532422721385956
D:/uwin_sounds/split_audio\PHAZ\Jesse_-_02_PHAZ_V10\20210426_085500_63.45.wav,Bullock's Oriole,Icterus bullockii,3,6,0.44329702854156494
D:/uwin_sounds/split_audio\PHAZ\Jesse_-_02_PHAZ_V10\20210426_085500_69.55.wav,Verdin,Auriparus flaviceps,3,6,0.255454957485199
D:/uwin_sounds/split_audio\PHAZ\Jesse_-_02_PHAZ_V10\20210426_085500_8.950000000000001.wav,Bullock's Oriole,Icterus bullockii,0,3,0.7859265804290771
D:/uwin_sounds/split_audio\PHAZ\Jesse_-_02_PHAZ_V10\20210427_085500_0.wav,Verdin,Auriparus flaviceps,3,5,0.5871612429618835
D:/uwin_sounds/split_audio\PHAZ\Jesse_-_02_PHAZ_V10\20210427_085500_105.15.wav,Black-tailed Gnatcatcher,Polioptila melanura,0,3,0.9715219140052795
D:/uwin_sounds/split_audio\PHAZ\Jesse_-_02_PHAZ_V10\20210427_085500_11.850000000000003.wav,House Sparrow,Passer domesticus,0,3,0.45569437742233276
D:/uwin_sounds/split_audio\PHAZ\Jesse_-_02_PHAZ_V10\20210427_085500_111.05.wav,Black-tailed Gnatcatcher,Polioptila melanura,0,3,0.48031964898109436
D:/uwin_sounds/split_audio\PHAZ\Jesse_-_02_PHAZ_V10\20210427_085500_115.45.wav,Black-tailed Gnatcatcher,Polioptila melanura,0,3,0.8122786283493042
D:/uwin_sounds/split_audio\PHAZ\Jesse_-_02_PHAZ_V10\20210427_085500_118.75.wav,Black-tailed Gnatcatcher,Polioptila melanura,0,3,0.41204413771629333
D:/uwin_sounds/split_audio\PHAZ\Jesse_-_02_PHAZ_V10\20210427_085500_125.85000000000001.wav,Black-tailed Gnatcatcher,Polioptila melanura,3,5,0.9658616781234741
D:/uwin_sounds/split_audio\PHAZ\Jesse_-_02_PHAZ_V10\20210427_085500_139.85.wav,Black-tailed Gnatcatcher,Polioptila melanura,0,3,0.8925130367279053
D:/uwin_sounds/split_audio\PHAZ\Jesse_-_02_PHAZ_V10\20210427_085500_151.65.wav,Black-tailed Gnatcatcher,Polioptila melanura,0,3,0.9174453020095825
D:/uwin_sounds/split_audio\PHAZ\Jesse_-_02_PHAZ_V10\20210427_085500_155.05.wav,Black-tailed Gnatcatcher,Polioptila melanura,0,3,0.8589557409286499
D:/uwin_sounds/split_audio\PHAZ\Jesse_-_02_PHAZ_V10\20210427_085500_170.05.wav,Black-tailed Gnatcatcher,Polioptila melanura,0,3,0.8149175643920898
D:/uwin_sounds/split_audio\PHAZ\Jesse_-_02_PHAZ_V10\20210427_085500_173.25.wav,Black-tailed Gnatcatcher,Polioptila melanura,3,6,0.9798969626426697
D:/uwin_sounds/split_audio\PHAZ\Jesse_-_02_PHAZ_V10\20210427_085500_18.45.wav,House Sparrow,Passer domesticus,0,3,0.41425248980522156
D:/uwin_sounds/split_audio\PHAZ\Jesse_-_02_PHAZ_V10\20210427_085500_181.95000000000002.wav,Black-tailed Gnatcatcher,Polioptila melanura,0,3,0.9699462056159973
D:/uwin_sounds/split_audio\PHAZ\Jesse_-_02_PHAZ_V10\20210427_085500_194.05.wav,Black-tailed Gnatcatcher,Polioptila melanura,3,6,0.6292544603347778
D:/uwin_sounds/split_audio\PHAZ\Jesse_-_02_PHAZ_V10\20210427_085500_205.05.wav,Lesser Goldfinch,Spinus psaltria,0,3,0.35957109928131104
D:/uwin_sounds/split_audio\PHAZ\Jesse_-_02_PHAZ_V10\20210427_085500_209.45.wav,Black-tailed Gnatcatcher,Polioptila melanura,0,3,0.7076650261878967
D:/uwin_sounds/split_audio\PHAZ\Jesse_-_02_PHAZ_V10\20210427_085500_213.45.wav,Black-tailed Gnatcatcher,Polioptila melanura,3,6,0.6139519214630127
D:/uwin_sounds/split_audio\PHAZ\Jesse_-_02_PHAZ_V10\20210427_085500_245.65.wav,Black-tailed Gnatcatcher,Polioptila melanura,0,3,0.7105135917663574
D:/uwin_sounds/split_audio\PHAZ\Jesse_-_02_PHAZ_V10\20210427_085500_250.45.wav,Black-tailed Gnatcatcher,Polioptila melanura,3,5,0.8886805772781372
D:/uwin_sounds/split_audio\PHAZ\Jesse_-_02_PHAZ_V10\20210427_085500_259.05.wav,Black-tailed Gnatcatcher,Polioptila melanura,0,3,0.8700240254402161
D:/uwin_sounds/split_audio\PHAZ\Jesse_-_02_PHAZ_V10\20210427_085500_286.05.wav,Blue-gray Gnatcatcher,Polioptila caerulea,0,3,0.8090734481811523
D:/uwin_sounds/split_audio\PHAZ\Jesse_-_02_PHAZ_V10\20210427_085500_290.65.wav,Blue-gray Gnatcatcher,Polioptila caerulea,0,3,0.8631285429000854
D:/uwin_sounds/split_audio\PHAZ\Jesse_-_02_PHAZ_V10\20210427_085500_293.65.wav,Blue-gray Gnatcatcher,Polioptila caerulea,3,5,0.9863714575767517
D:/uwin_sounds/split_audio\PHAZ\Jesse_-_02_PHAZ_V10\20210427_085500_299.45.wav,Blue-gray Gnatcatcher,Polioptila caerulea,0,3,0.7548038363456726
D:/uwin_sounds/split_audio\PHAZ\Jesse_-_02_PHAZ_V10\20210427_085500_46.25.wav,Verdin,Auriparus flaviceps,0,2,0.347149521112442
D:/uwin_sounds/split_audio\PHAZ\Jesse_-_02_PHAZ_V10\20210427_085500_48.25.wav,Verdin,Auriparus flaviceps,0,3,0.5797629356384277
D:/uwin_sounds/split_audio\PHAZ\Jesse_-_02_PHAZ_V10\20210427_085500_78.85.wav,House Finch,Haemorhous mexicanus,3,5,0.5659998059272766
D:/uwin_sounds/split_audio\PHAZ\Jesse_-_02_PHAZ_V10\20210427_085500_97.05.wav,Black-tailed Gnatcatcher,Polioptila melanura,0,1,0.969857394695282
D:/uwin_sounds/split_audio\PHAZ\Jesse_-_02_PHAZ_V10\20210427_085500_98.95.wav,Black-tailed Gnatcatcher,Polioptila melanura,3,6,0.28867268562316895
